date,initial_cash,cash,equity,daily_pnl,daily_return,total_return,open_positions,opened_positions,closed_trades,phase,skipped,note
2026-06-17,10000.0,2620.112800000001,9979.1128,-20.88719999999921,-0.0020887199999999,-0.0020887199999999,3,3,0,buy,,
2026-06-18,10000.0,7212.124243200001,10252.1242432,273.0114431999991,0.0273582881235693,0.02521242432,1,0,2,sell-morning,,
2026-06-18,10000.0,10301.0980824,10301.0980824,321.98528239999905,0.0322659227180996,0.0301098082399999,0,0,3,sell-force,,
2026-06-18,10000.0,3125.3740824000006,10280.3740824,301.2612824000007,0.0301891849944817,0.0280374082400001,3,3,3,buy,,
2026-06-22,10000.0,10860.2891864,10860.2891864,579.9151040000015,0.056409922377515,0.08602891864,0,0,3,sell-morning,,
2026-06-22,10000.0,366.913186400001,10836.9131864,556.5391040000013,0.0541360751602216,0.0836913186400001,3,3,3,buy,,
2026-06-23,10000.0,6278.207858,10779.207858,-57.705328399999416,-0.0053248861006303,0.0779207857999999,1,0,2,sell-morning,,
2026-06-23,10000.0,10762.366156,10762.366156,-74.54703039999913,-0.0068789911959019,0.0762366156,0,0,3,sell-force,,
2026-06-24,10000.0,10762.366156,10762.366156,0.0,0.0,0.0762366156,0,0,0,sell-force,no_positions,sell-force 无持仓，本阶段无需卖出
2026-06-24,10000.0,166.90855600000123,10738.908556000002,-23.45759999999791,-0.0021795950500086,0.0738908556000002,3,3,0,buy,,
2026-06-25,10000.0,10222.803389600002,10222.803389600002,-516.1051664000006,-0.04805936876254,0.0222803389600001,0,0,3,sell-morning,,
2026-06-25,10000.0,10222.803389600002,10222.803389600002,-516.1051664000006,-0.04805936876254,0.0222803389600001,0,0,3,sell-force,no_positions,sell-force 无持仓，本阶段无需卖出
2026-06-25,10000.0,693.1977896000028,10200.197789600004,-538.7107663999996,-0.0501643871526416,0.0200197789600002,3,3,3,buy,,
2026-06-26,10000.0,7824.904350000002,10002.904350000004,-197.29343960000188,-0.0193421190127469,0.0002904350000001,1,0,2,sell-morning,,
2026-06-26,10000.0,10015.047829200004,10015.047829200004,-185.14996040000187,-0.0181516049216985,0.0015047829200003,0,0,3,sell-force,,
2026-06-26,10000.0,454.4174292000039,9992.417429200004,-207.78036040000188,-0.0203702285667295,-0.0007582570799997,3,3,3,buy,,
2026-06-29,10000.0,9880.132310400004,9880.132310400004,-112.28511880000042,-0.0112370324394054,-0.0119867689599996,0,0,3,sell-morning,,
2026-06-29,10000.0,9880.132310400004,9880.132310400004,-112.28511880000042,-0.0112370324394054,-0.0119867689599996,0,0,3,sell-force,no_positions,sell-force 无持仓，本阶段无需卖出
2026-06-29,10000.0,147.36431040000298,9857.364310400004,-135.05311880000045,-0.0135155601491733,-0.0142635689599995,3,3,3,buy,,
2026-06-30,10000.0,3797.607774400003,10103.607774400003,246.2434639999992,0.0249806597631985,0.0103607774400003,2,0,1,sell-morning,,
2026-06-30,10000.0,282.6136920000049,10050.613692000004,193.24938160000056,0.0196045692859411,0.0050613692000005,3,3,3,full,,
2026-06-30,10000.0,282.6136920000049,10050.613692000004,193.24938160000056,0.0196045692859411,0.0050613692000005,3,3,3,buy,buy_already_ran,
2026-07-01,10000.0,6234.855080000005,10663.855080000005,613.2413880000004,0.0610153177500118,0.0663855080000004,1,0,2,sell-morning,,
2026-07-01,10000.0,10702.035471200004,10702.035471200004,651.4217792,0.0648141296803112,0.0702035471200004,0,0,3,sell-force,,
2026-07-01,10000.0,1522.7098712000043,10679.709871200004,629.0961791999998,0.06259281258623461,0.06797098712000049,3,3,3,buy,,
