date,symbol,name,board,close,score,turnover,ret_3,ret_5,volume_ratio_5,market_limit_hits,suggest_reason,tail_ret_1430_1457,tail_ret_1450_1457,tail_volume_ratio,tail_limit_gap,pct_chg,limit_gap,display_rank,market_limit_hit_rate,market_failed_limit_hits,board_limit_hits,limit_hits_5,failed_limit_hits_5,consecutive_limit_hits
2026-06-17,002297.SZ,博云新材,main,25.78,0.4010167259172361,0.0,0.1488413547237077,0.2376380220835334,0.9591245333265956,141,"short momentum, strong market mood",0.0355987055016182,-0.0161414296694849,0.2188692344368577,0.0269531249999999,0.0786610878661089,0.0197827773467804,1.0,,,,,,
2026-06-17,000066.SZ,中国长城,main,17.81,0.2389507958494766,0.0,0.1482914248871694,0.1034696406443618,1.7638955197329125,141,"volume expansion, short momentum, strong market mood",0.0370370370370369,-0.0039525691699604,0.3894701674584487,0.0351473922902494,0.0728915662650599,0.025266704098821,2.0,,,,,,
2026-06-17,002171.SZ,楚江新材,main,15.0,0.2057173487342198,0.0,0.1037527593818985,0.1811023622047245,1.37394435374896,141,"short momentum, strong market mood",0.0273410799726587,0.002,0.2178651562205668,0.049234863606121,0.0460251046025104,0.0513333333333332,3.0,,,,,,
2026-06-17,000811.SZ,冰轮环境,main,36.52,0.0331,0.0,0.186870328241794,0.1619471842188993,0.2927602347824797,141,"short momentum, strong market mood",0.0,0.0,0.0318465871371212,0.0,0.1,0.0,4.0,,,,,,
2026-06-17,603773.SH,沃格光电,main,166.13,0.0324,0.0,0.2798921417565483,0.0720831182240577,0.3710066417755343,141,"short momentum, strong market mood",0.0,0.0,0.0,0.0,0.0999801363967423,0.0,5.0,,,,,,
2026-06-17,600110.SH,诺德股份,main,17.22,0.03235,0.0,0.3307573415765068,0.4114754098360655,0.1474817047532556,141,"short momentum, strong market mood",0.0,0.0,0.0379052238421878,0.0,0.1003194888178913,0.0,6.0,,,,,,
2026-06-17,000725.SZ,京东方Ａ,main,6.71,0.0323,0.0,0.2046678635547576,0.1127694859038141,0.6787480992664053,141,"short momentum, strong market mood",0.0,0.0,0.0161645510017869,0.0,0.1,0.0,7.0,,,,,,
2026-06-17,600353.SH,旭光电子,main,38.19,0.03225,0.0,0.3311258278145694,0.4030124908155768,0.5290575211627981,141,"short momentum, strong market mood",0.0,0.0,0.0,0.0,0.0999423963133641,0.0,8.0,,,,,,
2026-06-18,688549.SH,中巨芯,star,34.77,0.6177060259631818,0.0,0.3665995975855129,0.3556886227544911,0.8006409905812408,141,短线动量强，市场情绪强,,,,,,,1.0,,,,,,
2026-06-18,688323.SH,瑞华泰,star,61.5,0.460952410203879,0.0,0.3990719257540602,0.5112781954887218,0.9503126104360968,141,短线动量强，市场情绪强,,,,,,,2.0,,,,,,
2026-06-18,688260.SH,昀冢科技,star,129.03,0.4295377358151071,0.0,0.5074390243902438,0.398936170212766,0.9243698509673536,141,短线动量强，市场情绪强,,,,,,,3.0,,,,,,
2026-06-18,688766.SH,普冉股份,star,590.0,0.4178558864145682,0.0,0.4854450958805911,0.5135388949757398,1.162267354730791,141,短线动量强，市场情绪强,,,,,,,4.0,,,,,,
2026-06-18,688598.SH,金博股份,star,59.75,0.4019548202952177,0.0,0.468731563421829,0.522164475695506,1.3186612102505813,141,短线动量强，市场情绪强,,,,,,,5.0,,,,,,
2026-06-18,603186.SH,华正新材,main,238.11,0.3592699161940622,0.0,0.3310041103934231,0.3878888072495714,1.1634738514202003,141,短线动量强，市场情绪强,,,,,,,6.0,,,,,,
2026-06-18,300903.SZ,科翔股份,chinext,101.58,0.3576545843358644,0.0,0.4016849921462229,0.4872727272727273,1.141670836648325,141,短线动量强，市场情绪强,,,,,,,7.0,,,,,,
2026-06-18,301373.SZ,凌玮科技,chinext,194.9,0.3364820533008938,0.0,0.473203502415459,0.5632358830596715,1.0078283857779864,141,短线动量强，市场情绪强,,,,,,,8.0,,,,,,
2026-06-18,300088.SZ,长信科技,chinext,10.37,0.3100763114970927,0.0,0.4168900804289543,0.3017241379310347,1.2991962653710227,141,短线动量强，市场情绪强,,,,,,,9.0,,,,,,
2026-06-18,600353.SH,旭光电子,main,42.01,0.3087749783781977,0.0,0.3311258278145694,0.4030124908155768,0.5290575211627981,141,短线动量强，市场情绪强,,,,,,,10.0,,,,,,
2026-06-22,688598.SH,金博股份,star,62.04,0.5440425507095454,0.0,0.5176530353060707,0.7273778548713499,1.0812161756352854,167,短线动量强，市场情绪强,,,,,,,1.0,,,,,,
2026-06-22,300522.SZ,世名科技,chinext,23.05,0.4976769869007214,0.0,0.5694444444444444,0.5941908713692945,1.4433085654708784,167,短线动量强，市场情绪强,,,,,,,2.0,,,,,,
2026-06-22,301310.SZ,鑫宏业,chinext,45.1,0.3716332351512071,0.0,0.5036989385654551,0.5100129198966408,1.637515157346914,167,成交量放大，短线动量强，市场情绪强,,,,,,,3.0,,,,,,
2026-06-22,300285.SZ,国瓷材料,chinext,98.9,0.3377706445509671,0.0,0.4143759873617694,0.4347756410256411,0.9973187652961388,167,短线动量强，市场情绪强,,,,,,,4.0,,,,,,
2026-06-22,600353.SH,旭光电子,main,46.21,0.3151016408173748,0.0,0.3311153358681875,0.4031396125584501,0.7994754508269124,167,短线动量强，市场情绪强,,,,,,,5.0,,,,,,
2026-06-22,688333.SH,铂力特,star,106.0,0.304387824394105,0.0,0.4209271523178808,0.4473826227738802,2.04497857967754,167,成交量放大，短线动量强，市场情绪强,,,,,,,6.0,,,,,,
2026-06-22,301687.SZ,新广益,chinext,77.98,0.3036751021580037,0.0,0.2970421648835746,0.5640295959021058,1.66339572882417,167,成交量放大，短线动量强，市场情绪强,,,,,,,7.0,,,,,,
2026-06-22,300319.SZ,麦捷科技,chinext,31.63,0.2986267601742035,0.0,0.3326932309169468,0.3339740509370497,1.0859170572665215,167,短线动量强，市场情绪强,,,,,,,8.0,,,,,,
2026-06-22,603186.SH,华正新材,main,249.19,0.2870089049982822,0.0,0.2710724390113703,0.3975231834722386,1.321794635662467,167,短线动量强，市场情绪强,,,,,,,9.0,,,,,,
2026-06-22,002636.SZ,金安国纪,main,114.22,0.2766238851968915,0.0,0.0726320115060612,0.2312499999999999,0.6813446649942206,167,短线动量强，市场情绪强,,,,,,,10.0,,,,,,
2026-06-24,301580.SZ,爱迪特,chinext,80.68,0.3892287006679253,0.0,0.5959346504559271,0.9334867663981588,2.013599643911154,210,成交量放大，短线动量强，市场情绪强,,,,,,,1.0,,,,,,
2026-06-24,300085.SZ,银之杰,chinext,38.54,0.3806374507122957,0.0,0.3923959827833574,0.4277307833762411,1.71963893043007,210,成交量放大，短线动量强，市场情绪强,,,,,,,2.0,,,,,,
2026-06-24,600353.SH,旭光电子,main,52.9,0.3308154110377055,0.0,0.277821419219691,0.5462610899873257,3.405518157799226,210,成交量放大，短线动量强，市场情绪强,,,,,,,3.0,,,,,,
2026-06-24,300522.SZ,世名科技,chinext,25.04,0.3232669892998386,0.0,0.439100562148657,0.8823529411764706,1.0494687457547685,210,短线动量强，市场情绪强,,,,,,,4.0,,,,,,
2026-06-24,688662.SH,富信科技,star,187.1,0.3197788609916336,0.0,0.2834558823529411,0.4935398305809875,0.9741138818064816,210,短线动量强，市场情绪强,,,,,,,5.0,,,,,,
2026-06-24,603663.SH,三祥新材,main,103.81,0.2790688596729193,0.0,0.2706814181543875,0.3397401908801696,1.7003144492812858,210,成交量放大，短线动量强，市场情绪强,,,,,,,6.0,,,,,,
2026-06-24,603407.SH,长裕集团,main,90.55,0.2786632827638387,0.0,0.3309620048504444,0.4404199475065615,1.6996625572207995,210,成交量放大，短线动量强，市场情绪强,,,,,,,7.0,,,,,,
2026-06-24,002167.SZ,东方锆业,main,21.46,0.2762305591592972,0.0,0.3308321964529332,0.3227118644067797,1.5115975352406374,210,成交量放大，短线动量强，市场情绪强,,,,,,,8.0,,,,,,
2026-06-24,301687.SZ,新广益,chinext,90.95,0.2680256436031681,0.0,0.2599708879184861,0.3618628067967275,1.2119207203564706,210,短线动量强，市场情绪强,,,,,,,9.0,,,,,,
2026-06-24,600397.SH,江钨装备,main,25.51,0.2612466431989612,0.0,0.3311546840958606,0.6110744891232698,1.563565214869978,210,成交量放大，短线动量强，市场情绪强,,,,,,,10.0,,,,,,
2026-06-25,688082.SH,盛美上海,star,412.97,0.9999857500319808,0.0,0.0618613861386139,0.3361461794019933,0.8664564542687122,148,短线动量强，市场情绪强,,,,,,,1.0,,,,,,
2026-06-25,600851.SH,海欣股份,main,9.78,0.9999840187911384,0.0,0.2549751243781095,0.3258869908015769,2.2278275095020583,148,成交量放大，短线动量强，市场情绪强,,,,,,,2.0,,,,,,
2026-06-25,002083.SZ,孚日股份,main,11.94,0.9999566957541624,0.0,0.1388101983002834,0.2035928143712575,1.455102800268586,148,短线动量强，市场情绪强,,,,,,,3.0,,,,,,
2026-06-25,603261.SH,立航科技,main,52.0,0.999864208463103,0.0,0.0944829126647308,0.3243243243243243,1.28808080884816,148,短线动量强，市场情绪强,,,,,,,4.0,,,,,,
2026-06-25,688001.SH,华兴源创,star,92.54,0.9998279470284837,0.0,0.1097545936613637,0.2739241223103057,0.9516028628126564,148,短线动量强，市场情绪强,,,,,,,5.0,,,,,,
2026-06-25,002971.SZ,和远气体,main,69.68,0.9994976052395788,0.0,0.0581775007420599,0.2035786630654961,0.8279433204368002,148,短线动量强，市场情绪强,,,,,,,6.0,,,,,,
2026-06-25,603890.SH,春秋电子,main,28.53,0.9938689652619672,0.0,0.1433009708737864,0.1794871794871795,1.1623987574374848,148,短线动量强，市场情绪强,,,,,,,7.0,,,,,,
2026-06-25,301548.SZ,崇德科技,chinext,94.33,0.9880591089462692,0.0,0.2282398452611218,0.2733957219251337,1.4513432008423643,148,短线动量强，市场情绪强,,,,,,,8.0,,,,,,
2026-06-25,688249.SH,晶合集成,star,58.21,0.983312093891744,0.0,0.144915932746197,0.3586698337292162,0.992249469940348,148,短线动量强，市场情绪强,,,,,,,9.0,,,,,,
2026-06-25,603065.SH,宿迁联盛,main,20.13,0.98183596759982,0.0,0.1715749039692702,0.2664359861591696,1.008585477257058,148,短线动量强，市场情绪强,,,,,,,10.0,,,,,,
2026-06-26,688403.SH,汇成股份,star,39.3,0.2391911660036192,0.0,0.3794255177020706,0.433032616238723,1.5646361997947225,142,成交量放大，短线动量强，市场情绪强,,,,,,,1.0,,,,,,
2026-06-26,688669.SH,聚石化学,star,94.0,0.2178556103301977,0.0,0.3178375167087481,0.420589177073327,1.2248888811003014,142,短线动量强，市场情绪强,,,,,,,2.0,,,,,,
2026-06-26,300223.SZ,北京君正,chinext,233.21,0.2060697789740573,0.0,0.2314396887159533,0.3824111822947003,1.0758551404328291,142,短线动量强，市场情绪强,,,,,,,3.0,,,,,,
2026-06-26,603989.SH,艾华集团,main,56.0,0.1683916318356953,0.0,0.1774370208105149,0.4245958123509146,0.4558084743645873,142,短线动量强，市场情绪强,,,,,,,4.0,,,,,,
2026-06-26,301310.SZ,鑫宏业,chinext,54.7,0.1682375197191126,0.0,0.2350332594235034,0.4296714579055443,1.241086374707236,142,短线动量强，市场情绪强,,,,,,,5.0,,,,,,
2026-06-26,000811.SZ,冰轮环境,main,53.12,0.1594445052685032,0.0,0.2111337406653091,0.465498357064622,0.9542904192326852,142,短线动量强，市场情绪强,,,,,,,6.0,,,,,,
2026-06-26,600176.SH,中国巨石,main,74.12,0.1497817036633887,0.0,0.212744090441932,0.2967032967032965,0.9813684746780108,142,短线动量强，市场情绪强,,,,,,,7.0,,,,,,
2026-06-26,000962.SZ,东方钽业,main,87.03,0.1464915508005289,0.0,0.21223488674073,0.3473380372033354,0.8637476404626879,142,短线动量强，市场情绪强,,,,,,,8.0,,,,,,
2026-06-26,603407.SH,长裕集团,main,91.73,0.1399652551521321,0.0,0.227552111170497,0.4853678253839935,2.2387033831186867,142,成交量放大，短线动量强，市场情绪强,,,,,,,9.0,,,,,,
2026-06-26,600667.SH,太极实业,main,26.88,0.1388966027036574,0.0,0.1214000886132034,0.3307045215562565,0.0578303233556162,142,短线动量强，市场情绪强,,,,,,,10.0,,,,,,
2026-06-29,688110.SH,东芯股份,star,193.3,0.9999999999999992,0.0,0.1776376784720934,0.2338427664810258,1.1923985084893962,136,短线动量强，市场情绪强,,,,,,,1.0,,,,,,
2026-06-29,002930.SZ,宏川智慧,main,9.48,0.9999999999999992,0.0,0.0328587075575026,0.0128893662728248,1.4830800702027147,136,市场情绪强,,,,,,,2.0,,,,,,
2026-06-29,688392.SH,骄成超声,star,218.03,0.9999999999999988,0.0,0.1723157283807312,0.1930187230523892,1.248650026071653,136,短线动量强，市场情绪强,,,,,,,3.0,,,,,,
2026-06-29,688525.SH,佰维存储,star,507.0,0.999999999999822,0.0,0.2864918992476954,0.2973847747281202,1.084037361664288,136,短线动量强，市场情绪强,,,,,,,4.0,,,,,,
2026-06-29,002225.SZ,濮耐股份,main,4.44,0.9999999999958884,0.0,0.0289532293986636,0.0973871733966746,1.4931073363866538,136,市场情绪强,,,,,,,5.0,,,,,,
2026-06-29,002745.SZ,木林森,main,11.83,0.9999999999913088,0.0,0.1190893169877407,0.1279788172992055,1.1375419051767404,136,短线动量强，市场情绪强,,,,,,,6.0,,,,,,
2026-06-29,000818.SZ,航锦科技,main,13.2,0.9999999999533922,0.0,0.1413398692810457,0.131174089068826,2.325093196725944,136,成交量放大，短线动量强，市场情绪强,,,,,,,7.0,,,,,,
2026-06-29,300668.SZ,杰恩股份,chinext,59.68,0.9999999998841184,0.0,0.1021097046413501,0.040637450199203,1.8886094921829777,136,成交量放大，短线动量强，市场情绪强,,,,,,,8.0,,,,,,
2026-06-29,301132.SZ,满坤科技,chinext,50.99,0.999999999396236,0.0,0.2099956159579132,0.1752182243985522,1.202872557786176,136,短线动量强，市场情绪强,,,,,,,9.0,,,,,,
2026-06-29,001309.SZ,德明利,main,970.0,0.9999999989926618,0.0,0.259585965748798,0.3356741573033708,1.1792105676623603,136,短线动量强，市场情绪强,,,,,,,10.0,,,,,,
2026-06-30,688432.SH,有研硅,star,39.97,0.3686834118452413,0.0,0.5430711610486889,0.4632991318074191,1.6101462490182905,206,成交量放大，短线动量强，市场情绪强,,,,,,,1.0,,,,,,
2026-06-30,688233.SH,神工股份,star,214.42,0.2779433442183754,0.0,0.3694855532064836,0.5118251128053526,1.5447332450616558,206,成交量放大，短线动量强，市场情绪强,,,,,,,2.0,,,,,,
2026-06-30,600667.SH,XD太极实,main,29.18,0.2220779559394296,0.0,0.2603215993046501,0.2848914488258751,1.628535285720819,206,成交量放大，短线动量强，市场情绪强,,,,,,,3.0,,,,,,
2026-06-30,603986.SH,兆易创新,main,815.0,0.2169384344695188,0.0,0.1913372760924137,0.2179208351457153,0.9894324198901616,206,短线动量强，市场情绪强,,,,,,,4.0,,,,,,
2026-06-30,688596.SH,正帆科技,star,79.06,0.2031863284122533,0.0,0.3852131905061962,0.4613339242189231,1.8559096543217288,206,成交量放大，短线动量强，市场情绪强,,,,,,,5.0,,,,,,
2026-06-30,688120.SH,华海清科,star,322.18,0.1937965896224571,0.0,0.304466163553136,0.3454700127605274,1.2875192010221976,206,短线动量强，市场情绪强,,,,,,,6.0,,,,,,
2026-06-30,688376.SH,美埃科技,star,116.3,0.1902058581533845,0.0,0.4183215130023641,0.5211713995943206,1.5135311919960184,206,成交量放大，短线动量强，市场情绪强,,,,,,,7.0,,,,,,
2026-06-30,600206.SH,有研新材,main,66.6,0.1854932635750616,0.0,0.2803323029366305,0.4172369546621044,1.0362269898455414,206,短线动量强，市场情绪强,,,,,,,8.0,,,,,,
2026-06-30,002674.SZ,兴业科技,main,28.53,0.1833356027507769,0.0,0.3302559798573228,0.6099542915185372,4.102283009406926,206,成交量放大，短线动量强，市场情绪强,,,,,,,9.0,,,,,,
2026-06-30,002859.SZ,洁美科技,main,109.51,0.1561427093723793,0.0,0.2666444740346205,0.1136585365853659,1.24105065541289,206,短线动量强，市场情绪强,,,,,,,10.0,,,,,,
2026-07-01,688596.SH,正帆科技,star,83.66,0.599914135047836,0.0,0.687513340448239,0.7467962881131243,1.3899263786360925,235,短线动量强，市场情绪强,,,,,,,1.0,,,,,,
2026-07-01,300540.SZ,蜀道装备,chinext,43.21,0.4317248340960738,0.0,0.4909520062942563,0.3173444560305873,1.2131815373107058,235,短线动量强，市场情绪强,,,,,,,2.0,,,,,,
2026-07-01,688503.SH,聚和材料,star,130.8,0.3394817557603746,0.0,0.4168268204142642,0.4054225799618722,1.6306640443418654,235,成交量放大，短线动量强，市场情绪强,,,,,,,3.0,,,,,,
2026-07-01,688548.SH,广钢气体,star,55.0,0.328225480385181,0.0,0.2960199004975123,0.3507907700285195,1.143930245222141,235,短线动量强，市场情绪强,,,,,,,4.0,,,,,,
2026-07-01,688689.SH,银河微电,star,77.5,0.3265389769787465,0.0,0.5103850641773628,0.7121693121693122,2.6875674871142587,235,成交量放大，短线动量强，市场情绪强,,,,,,,5.0,,,,,,
2026-07-01,688432.SH,有研硅,star,45.8,0.3186468281155062,0.0,0.5522330097087378,0.6475680131904369,1.3720615676800278,235,短线动量强，市场情绪强,,,,,,,6.0,,,,,,
2026-07-01,688233.SH,神工股份,star,238.56,0.311372163429209,0.0,0.3954184563321619,0.7163211398383094,1.2341054497206825,235,短线动量强，市场情绪强,,,,,,,7.0,,,,,,
2026-07-01,300671.SZ,富满微,chinext,91.74,0.3080514812479967,0.0,0.2033519553072627,0.3583477849597982,1.3176742921329383,235,短线动量强，市场情绪强,,,,,,,8.0,,,,,,
2026-07-01,688728.SH,格科微,star,25.25,0.2904139548803615,0.0,0.3444089456869008,0.461111111111111,1.1743328445697032,235,短线动量强，市场情绪强,,,,,,,9.0,,,,,,
2026-07-01,688048.SH,长光华芯,star,474.35,0.2511343278986008,0.0,0.1362607514712539,0.2804489223313353,1.3662257951770147,235,短线动量强，市场情绪强,,,,,,,10.0,,,,,,
2026-07-02,688233.SH,神工股份,star,203.97,0.9929098944887694,0.0,0.0496063397313846,0.3274111675126903,1.2456731851081653,249,市场情绪强,,,,,,,1.0,,,,,,
2026-07-02,300518.SZ,新迅达,chinext,34.02,0.9686291115490806,0.0,0.2352941176470588,0.0568499534016777,1.939746305215826,249,成交量放大，短线动量强，市场情绪强,,,,,,,2.0,,,,,,
2026-07-02,688286.SH,DR敏芯股,star,85.77,0.9681188084447462,0.0,0.2530680224403927,0.1609209404312339,1.3241344324640547,249,短线动量强，市场情绪强,,,,,,,3.0,,,,,,
2026-07-02,688728.SH,格科微,star,24.46,0.9237864726678214,0.0,0.3953223046206502,0.5629392971246006,1.1637847871311109,249,短线动量强，市场情绪强,,,,,,,4.0,,,,,,
2026-07-02,300873.SZ,海晨股份,chinext,30.01,0.9174305378408054,0.0,0.5078886544065924,0.5890077305940911,1.8083700258324649,249,成交量放大，短线动量强，市场情绪强,,,,,,,5.0,,,,,,
2026-07-02,688503.SH,聚和材料,star,122.2,0.9166046042934376,0.0,0.103884372177055,0.3047191970958787,0.8057355562409501,249,短线动量强，市场情绪强,,,,,,,6.0,,,,,,
2026-07-02,688596.SH,正帆科技,star,79.97,0.9152420917873294,0.0,0.2125852918877937,0.7069370330843117,0.7174463367190107,249,短线动量强，市场情绪强,,,,,,,7.0,,,,,,
2026-07-02,300487.SZ,蓝晓科技,chinext,67.67,0.8994870779781482,0.0,0.1913732394366198,0.1250207813798836,1.8191557863298216,249,成交量放大，短线动量强，市场情绪强,,,,,,,8.0,,,,,,
2026-07-02,688689.SH,银河微电,star,80.0,0.8992358767236628,0.0,0.4316392269148175,0.8778461105112438,1.2262519584823257,249,短线动量强，市场情绪强,,,,,,,9.0,,,,,,
2026-07-02,688548.SH,广钢气体,star,49.2,0.8741124412254315,0.0,0.0582921058292105,0.2257100149476831,1.1431793597523876,249,短线动量强，市场情绪强,,,,,,,10.0,,,,,,
2026-07-03,688689.SH,银河微电,star,68.03,0.8363709841324581,0.0,0.0511433868974042,0.4607489478656703,0.96395255114377,239,短线动量强，市场情绪强,,,,,,,1.0,,,,,,
2026-07-03,300671.SZ,富满微,chinext,94.35,0.6174811657305316,0.0,0.0950557103064067,0.3277511961722485,0.9218205251910392,239,短线动量强，市场情绪强,,,,,,,2.0,,,,,,
2026-07-03,301165.SZ,锐捷网络,chinext,94.89,0.6164308915860782,0.0,0.1794903666873835,0.4943307086614172,1.5373573687825042,239,成交量放大，短线动量强，市场情绪强,,,,,,,3.0,,,,,,
2026-07-03,300740.SZ,水羊股份,chinext,22.49,0.5927672602667344,0.0,0.2282234722298071,0.2669708748802883,1.6803405432641103,239,成交量放大，短线动量强，市场情绪强,,,,,,,4.0,,,,,,
2026-07-03,603137.SH,恒尚节能,main,17.22,0.5776617254876252,0.0,0.3307573415765068,0.4922010398613519,0.4981735009543869,239,短线动量强，市场情绪强,,,,,,,5.0,,,,,,
2026-07-03,600113.SH,浙江东日,main,34.4,0.546950065719968,0.0,0.0367691380349608,0.2545587162654994,1.173175729544999,239,市场情绪强,,,,,,,6.0,,,,,,
2026-07-03,301092.SZ,争光股份,chinext,54.12,0.5257088079078054,0.0,0.3229039354681007,0.2701243839474301,1.6332004679682768,239,成交量放大，短线动量强，市场情绪强,,,,,,,7.0,,,,,,
2026-07-03,600641.SH,先导基电,main,47.51,0.5242971552704233,0.0,0.1919217260411438,0.2417668583376895,1.628606693433856,239,成交量放大，短线动量强，市场情绪强,,,,,,,8.0,,,,,,
2026-07-03,300932.SZ,三友联众,chinext,11.97,0.5064252492060966,0.0,0.1292452830188679,0.4474002418379688,1.391833644529907,239,短线动量强，市场情绪强,,,,,,,9.0,,,,,,
2026-07-03,688728.SH,格科微,star,23.17,0.4404985739817268,0.0,0.101235741444867,0.4948387096774194,0.742176133122809,239,短线动量强，市场情绪强,,,,,,,10.0,,,,,,
2026-07-06,002653.SZ,海思科,main,69.85,0.7613064357941256,0.0,-0.042626096491228,0.1439567638388468,1.239690549135768,177,市场情绪强,,,,,,,1.0,,,,,,
2026-07-06,300873.SZ,海晨股份,chinext,31.0,0.6807507096507558,0.0,0.0793871866295266,0.557632398753894,0.7776851879146469,177,短线动量强，市场情绪强,,,,,,,2.0,,,,,,
2026-07-06,603466.SH,风语筑,main,11.9,0.6323898790603685,0.0,0.187624750499002,0.1840796019900497,1.8837694188510168,177,成交量放大，短线动量强，市场情绪强,,,,,,,3.0,,,,,,
2026-07-06,300163.SZ,先锋新材,chinext,7.98,0.6251444451562661,0.0,0.4805194805194808,0.483271375464684,1.713242131437593,177,成交量放大，短线动量强，市场情绪强,,,,,,,4.0,,,,,,
2026-07-06,300345.SZ,华民股份,chinext,7.69,0.5779761773662346,0.0,0.0970042796005707,0.2648026315789473,0.8832430644359409,177,短线动量强，市场情绪强,,,,,,,5.0,,,,,,
2026-07-06,603559.SH,中通国脉,main,8.98,0.5718380863313789,0.0,0.0964590964590965,0.1483375959079285,1.9885549421507016,177,成交量放大，短线动量强，市场情绪强,,,,,,,6.0,,,,,,
2026-07-06,002294.SZ,信立泰,main,39.83,0.5310931751040525,0.0,0.1646198830409355,0.2106382978723404,1.3903526592805595,177,短线动量强，市场情绪强,,,,,,,7.0,,,,,,
2026-07-06,605178.SH,时空科技,main,111.49,0.5287834143595981,0.0,0.0689357622243527,0.1452491011813046,0.7138304905723312,177,短线动量强，市场情绪强,,,,,,,8.0,,,,,,
2026-07-06,301607.SZ,富特科技,chinext,54.52,0.5159607998864817,0.0,0.0567939523163403,0.2521819016995867,1.196806809200846,177,短线动量强，市场情绪强,,,,,,,9.0,,,,,,
2026-07-06,603286.SH,日盈电子,main,54.57,0.5124403853222869,0.0,0.1593371574251114,0.2399454669393319,1.78941733736325,177,成交量放大，短线动量强，市场情绪强,,,,,,,10.0,,,,,,
2026-07-07,688689.SH,银河微电,star,75.15,0.5309935887373718,0.0,-0.0606249999999999,0.1611557478368357,0.6990872084495514,73,市场情绪强,,,,,,,1.0,,,,,,
2026-07-07,603757.SH,大元泵业,main,74.18,0.3628051481222115,0.0,0.0014850816794924,-0.0208553326293557,1.4001352794116673,73,市场情绪强,,,,,,,2.0,,,,,,
2026-07-07,301379.SZ,天山电子,chinext,32.64,0.3606495924013251,0.0,0.2179104477611939,0.1476793248945147,0.8647072086051972,73,短线动量强，市场情绪强,,,,,,,3.0,,,,,,
2026-07-07,688432.SH,有研硅,star,46.14,0.3511082265342526,0.0,0.0050098017861033,0.154365774330748,0.969744259575585,73,市场情绪强,,,,,,,4.0,,,,,,
2026-07-07,300985.SZ,致远新能,chinext,56.47,0.3212188860710066,0.0,0.3643392123701376,0.4667532467532467,1.3788286892474912,73,短线动量强，市场情绪强,,,,,,,5.0,,,,,,
2026-07-07,600246.SH,万通发展,main,18.6,0.3065206204028353,0.0,0.1341463414634147,-0.0210526315789473,1.473424368061497,73,短线动量强，市场情绪强,,,,,,,6.0,,,,,,
2026-07-07,603903.SH,中持股份,main,15.82,0.2718339303497132,0.0,0.2085561497326202,0.1727205337286879,1.2331884440335272,73,短线动量强，市场情绪强,,,,,,,7.0,,,,,,
2026-07-07,603067.SH,振华股份,main,44.51,0.265045189045884,0.0,-0.0161361626878868,-0.0384532296392309,1.3369057458291864,73,市场情绪强,,,,,,,8.0,,,,,,
2026-07-07,688206.SH,概伦电子,star,49.2,0.2577308930136278,0.0,0.1431226765799258,0.1088573360378635,1.21757430037725,73,短线动量强，市场情绪强,,,,,,,9.0,,,,,,
2026-07-07,300580.SZ,贝斯特,chinext,25.23,0.2536234616585517,0.0,0.1664355062413316,0.2545997016409747,1.0575922666610698,73,短线动量强，市场情绪强,,,,,,,10.0,,,,,,
2026-07-08,301251.SZ,威尔高,chinext,60.92,0.863555936448087,0.0,0.3200433369447455,0.1771980676328501,2.4793720780803405,117,成交量放大，短线动量强，市场情绪强,,,,,,,1.0,,,,,,
2026-07-08,301321.SZ,翰博高新,chinext,49.81,0.7297129473016805,0.0,0.2045949214026603,0.1330755232029117,1.7221402043501632,117,成交量放大，短线动量强，市场情绪强,,,,,,,2.0,,,,,,
2026-07-08,600288.SH,大恒科技,main,17.11,0.5418053815209174,0.0,0.3315175097276264,0.3111111111111109,2.0988000319312485,117,成交量放大，短线动量强，市场情绪强,,,,,,,3.0,,,,,,
2026-07-08,300821.SZ,东岳硅材,chinext,26.44,0.454507287548462,0.0,0.355897435897436,0.1947582467239044,1.315551665048921,117,短线动量强，市场情绪强,,,,,,,4.0,,,,,,
2026-07-08,300369.SZ,绿盟科技,chinext,6.48,0.4458996691925317,0.0,0.1654676258992806,0.1592128801431127,2.4385332605488217,117,成交量放大，短线动量强，市场情绪强,,,,,,,5.0,,,,,,
2026-07-08,002951.SZ,金时科技,main,16.32,0.408262167094624,0.0,0.1903719912472647,0.2224719101123595,2.3877937906054774,117,成交量放大，短线动量强，市场情绪强,,,,,,,6.0,,,,,,
2026-07-08,603137.SH,恒尚节能,main,22.91,0.3676214756432787,0.0,0.3304297328687573,0.6099789177793393,4.7535350287361,117,成交量放大，短线动量强，市场情绪强,,,,,,,7.0,,,,,,
2026-07-08,300454.SZ,深信服,chinext,106.56,0.3586600247300425,0.0,0.1577574967405475,0.1011677172677483,2.184232662341448,117,成交量放大，短线动量强，市场情绪强,,,,,,,8.0,,,,,,
2026-07-08,603313.SH,梦百合,main,7.06,0.3577520159961546,0.0,0.2047781569965869,0.1479674796747965,1.6759948303861762,117,成交量放大，短线动量强，市场情绪强,,,,,,,9.0,,,,,,
2026-07-08,600094.SH,大名城,main,4.22,0.3250370015680583,0.0,0.2126436781609195,0.1954674220963173,0.883397203006022,117,短线动量强，市场情绪强,,,,,,,10.0,,,,,,
2026-07-09,603137.SH,恒尚节能,main,25.2,0.6278678956639422,0.0,0.3305174234424497,0.6102236421725238,1.0650648405569334,140,短线动量强，市场情绪强，板块情绪强，近5日触板记忆,,,,,,,1.0,0.0269593683805122,52.0,113.0,5.0,0.0,8.0
2026-07-09,603928.SH,兴业股份,main,18.0,0.6016944940925152,0.0,0.1356466876971609,0.1363636363636364,1.200507060869142,140,短线动量强，市场情绪强，板块情绪强，近5日触板记忆,,,,,,,2.0,0.0269593683805122,52.0,113.0,3.0,1.0,2.0
2026-07-09,000593.SZ,德龙汇能,main,22.23,0.5716102896617443,0.0,-0.0985401459854014,-0.025,0.9390790340265486,140,市场情绪强，板块情绪强，近5日触板记忆,,,,,,,3.0,0.0269593683805122,52.0,113.0,1.0,0.0,0.0
2026-07-09,001365.SZ,天海电子,main,47.34,0.5668825681002186,0.0,0.1981776765375855,0.1379807692307693,1.9238547377718416,140,成交量放大，短线动量强，市场情绪强，板块情绪强，近5日触板记忆,,,,,,,4.0,0.0269593683805122,52.0,113.0,2.0,0.0,0.0
2026-07-09,000566.SZ,海南海药,main,4.73,0.5631936488909334,0.0,-0.2643856920684291,-0.216887417218543,1.0434040206736914,140,市场情绪强，板块情绪强,,,,,,,5.0,0.0269593683805122,52.0,113.0,0.0,0.0,0.0
2026-07-09,603950.SH,长源东谷,main,77.2,0.53699623503329,0.0,-0.1272891702464389,-0.0487925086249383,0.9574273693262084,140,市场情绪强，板块情绪强，近5日触板记忆,,,,,,,6.0,0.0269593683805122,52.0,113.0,1.0,1.0,0.0
2026-07-09,002910.SZ,庄园牧场,main,11.58,0.477124351455071,0.0,-0.0523731587561375,0.0220653133274493,0.762482182983001,140,市场情绪强，板块情绪强，近5日触板记忆,,,,,,,7.0,0.0269593683805122,52.0,113.0,2.0,0.0,0.0
2026-07-09,603285.SH,键邦股份,main,44.78,0.425116999535842,0.0,-0.0823770491803278,-0.0164726553920492,1.140607720125826,140,市场情绪强，板块情绪强，近5日触板记忆,,,,,,,8.0,0.0269593683805122,52.0,113.0,1.0,0.0,0.0
2026-07-09,600129.SH,太极集团,main,15.39,0.4152326472952294,0.0,0.0747206703910614,0.1316176470588235,2.006472210065963,140,成交量放大，短线动量强，市场情绪强，板块情绪强，近5日触板记忆,,,,,,,9.0,0.0269593683805122,52.0,113.0,2.0,1.0,2.0
2026-07-09,301520.SZ,万邦医药,chinext,41.6,0.3878460002751259,0.0,0.0938732579542467,0.3248407643312103,0.934114005465956,140,短线动量强，市场情绪强，板块情绪强,,,,,,,10.0,0.0269593683805122,52.0,14.0,0.0,0.0,0.0
2026-07-10,002552.SZ,宝鼎科技,main,60.34,0.7958878885250946,0.0,0.0658894188305954,-0.0770877944325481,1.9615355767788387,223,成交量放大，短线动量强，市场情绪强，板块情绪强，近5日触板记忆,,,,,,,1.0,0.0429506933744221,120.0,191.0,2.0,1.0,2.0
2026-07-10,600172.SH,黄河旋风,main,17.0,0.7506022883890897,0.0,-0.074074074074074,0.0083036773428233,1.0038074304915212,223,市场情绪强，板块情绪强，近5日触板记忆,,,,,,,2.0,0.0429506933744221,120.0,191.0,1.0,0.0,0.0
2026-07-10,600909.SH,华安证券,main,9.43,0.7227657291955705,0.0,-0.0397148676171079,-0.1284658040665435,1.279008359156973,223,市场情绪强，板块情绪强，近5日触板记忆,,,,,,,3.0,0.0429506933744221,120.0,191.0,1.0,0.0,0.0
2026-07-10,600378.SH,昊华科技,main,60.58,0.6982320046024155,0.0,-0.0761018758578617,-0.2029996053150902,1.193076620248017,223,市场情绪强，板块情绪强,,,,,,,4.0,0.0429506933744221,120.0,191.0,0.0,0.0,0.0
2026-07-10,000672.SZ,上峰材料,main,19.65,0.6647332373945791,0.0,-0.0465793304221252,-0.0726757904672016,1.7154549087445767,223,成交量放大，市场情绪强，板块情绪强，近5日触板记忆,,,,,,,5.0,0.0429506933744221,120.0,191.0,1.0,0.0,0.0
2026-07-10,603137.SH,恒尚节能,main,26.75,0.644016269974943,0.0,0.2842054728756602,0.5534262485481998,1.9337522283777409,223,成交量放大，短线动量强，市场情绪强，板块情绪强，近5日触板记忆,,,,,,,6.0,0.0429506933744221,120.0,191.0,5.0,1.0,9.0
2026-07-10,002407.SZ,多氟多,main,41.1,0.607948068197462,0.0,-0.093715545755237,-0.1670044588569113,1.0134312282089746,223,市场情绪强，板块情绪强,,,,,,,7.0,0.0429506933744221,120.0,191.0,0.0,0.0,0.0
2026-07-10,600110.SH,诺德股份,main,12.82,0.5904867711879281,0.0,-0.1582403151674327,-0.186031746031746,0.6442147552877207,223,市场情绪强，板块情绪强，近5日触板记忆,,,,,,,8.0,0.0429506933744221,120.0,191.0,1.0,1.0,0.0
2026-07-10,301379.SZ,天山电子,chinext,35.6,0.5846857527805263,0.0,0.090686274509804,0.1069651741293533,1.20139378232696,223,短线动量强，市场情绪强，板块情绪强，近5日触板记忆,,,,,,,9.0,0.0429506933744221,120.0,20.0,1.0,0.0,0.0
2026-07-10,603355.SH,莱克电气,main,28.36,0.5836683926833471,0.0,0.1348539415766307,-0.0083916083916084,1.4688231811077386,223,短线动量强，市场情绪强，板块情绪强，近5日触板记忆,,,,,,,10.0,0.0429506933744221,120.0,191.0,1.0,1.0,1.0
2026-07-13,300069.SZ,金利华电,chinext,40.1,0.9169470567475124,0.0,0.3087467362924283,0.171144859813084,2.1896887823295903,72,成交量放大，短线动量强，市场情绪强，近5日触板记忆,,,,,,,1.0,0.0138648180242634,37.0,4.0,1.0,0.0,0.0
2026-07-13,603137.SH,恒尚节能,main,29.43,0.7337857057141595,0.0,0.2845918812745525,0.5538542766631467,1.0919360726570098,72,短线动量强，市场情绪强，板块情绪强，近5日触板记忆,,,,,,,2.0,0.0138648180242634,37.0,67.0,5.0,1.0,10.0
2026-07-13,603313.SH,梦百合,main,7.99,0.6811838596265625,0.0,0.1317280453257792,0.3361204013377925,1.3448393029187358,72,短线动量强，市场情绪强，板块情绪强，近5日触板记忆,,,,,,,3.0,0.0138648180242634,37.0,67.0,3.0,1.0,1.0
2026-07-13,301520.SZ,万邦医药,chinext,54.22,0.571091780753047,0.0,0.2686008423022927,0.4257165395740203,1.2095509389754309,72,短线动量强，市场情绪强，近5日触板记忆,,,,,,,4.0,0.0138648180242634,37.0,4.0,1.0,0.0,1.0
2026-07-13,001395.SZ,亚联机械,main,31.49,0.5330931929207503,0.0,0.3309382924767539,0.2795611540024381,3.369535641712933,72,成交量放大，短线动量强，市场情绪强，板块情绪强，近5日触板记忆,,,,,,,5.0,0.0138648180242634,37.0,67.0,3.0,0.0,3.0
2026-07-13,688710.SH,益诺思,star,84.02,0.520784459662109,0.0,0.3075007780890133,0.3124023742580444,1.81852037363008,72,成交量放大，短线动量强，市场情绪强，近5日触板记忆,,,,,,,6.0,0.0138648180242634,37.0,1.0,1.0,0.0,0.0
2026-07-13,600536.SH,中国软件,main,32.25,0.493398166127252,0.0,0.1584051724137931,0.162162162162162,2.186386725980592,72,成交量放大，短线动量强，市场情绪强，板块情绪强，近5日触板记忆,,,,,,,7.0,0.0138648180242634,37.0,67.0,1.0,0.0,1.0
2026-07-13,600513.SH,联环药业,main,17.04,0.4791512534867206,0.0,0.1792387543252596,0.0730478589420653,2.2861924704229057,72,成交量放大，短线动量强，市场情绪强，板块情绪强，近5日触板记忆,,,,,,,8.0,0.0138648180242634,37.0,67.0,2.0,0.0,2.0
2026-07-13,003020.SZ,立方制药,main,20.61,0.4788574588272579,0.0,0.3305358295674627,0.2582417582417582,1.4190783265177729,72,短线动量强，市场情绪强，板块情绪强，近5日触板记忆,,,,,,,9.0,0.0138648180242634,37.0,67.0,3.0,0.0,3.0
2026-07-13,688371.SH,菲沃泰,star,43.45,0.4743511744475036,0.0,0.2410739788631821,0.2002762430939226,1.0775747318011015,72,短线动量强，市场情绪强，近5日触板记忆,,,,,,,10.0,0.0138648180242634,37.0,1.0,1.0,0.0,0.0
2026-07-14,688192.SH,迪哲医药,star,56.33,0.971642020423782,0.0,0.2171564390665514,0.2190002164033757,1.0743680183342237,134,短线动量强，市场情绪强，板块情绪强，近5日触板记忆,,,,,,,1.0,0.0257940327237728,38.0,5.0,1.0,0.0,1.0
2026-07-14,002636.SZ,金安国纪,main,95.68,0.9491373201815196,0.0,-0.038971474487746,-0.0434869539138258,1.3071073416179748,134,市场情绪强，板块情绪强，近5日触板记忆,,,,,,,2.0,0.0257940327237728,38.0,115.0,2.0,1.0,1.0
2026-07-14,300912.SZ,凯龙高科,chinext,27.68,0.9469225347047214,0.0,0.112540192926045,0.0061795710650671,1.113033781074579,134,短线动量强，市场情绪强，板块情绪强，近5日触板记忆,,,,,,,3.0,0.0257940327237728,38.0,14.0,1.0,0.0,1.0
2026-07-14,603137.SH,恒尚节能,main,32.37,0.92255801225451,0.0,0.2845238095238094,0.5540086413826213,1.1305606891745752,134,短线动量强，市场情绪强，板块情绪强，近5日触板记忆,,,,,,,4.0,0.0257940327237728,38.0,115.0,5.0,1.0,11.0
2026-07-14,000636.SZ,风华高科,main,59.41,0.9124591195105756,0.0,-0.078214457494841,-0.0286293553081212,1.553489373688265,134,成交量放大，市场情绪强，板块情绪强，近5日触板记忆,,,,,,,5.0,0.0257940327237728,38.0,115.0,1.0,0.0,1.0
2026-07-14,603989.SH,艾华集团,main,37.92,0.9068572671333242,0.0,-0.0862650602409638,-0.1081843838193791,0.8537136269320671,134,市场情绪强，板块情绪强，近5日触板记忆,,,,,,,6.0,0.0257940327237728,38.0,115.0,2.0,1.0,1.0
2026-07-14,002379.SZ,宏桥控股,main,17.49,0.8840353424785994,0.0,0.236042402826855,0.2070393374741199,2.247478757959545,134,成交量放大，短线动量强，市场情绪强，板块情绪强，近5日触板记忆,,,,,,,7.0,0.0257940327237728,38.0,115.0,2.0,0.0,2.0
2026-07-14,603065.SH,宿迁联盛,main,23.54,0.8767636338207941,0.0,0.1220209723546232,0.162469135802469,0.9412099372201408,134,短线动量强，市场情绪强，板块情绪强，近5日触板记忆,,,,,,,8.0,0.0257940327237728,38.0,115.0,3.0,1.0,2.0
2026-07-14,300164.SZ,通源石油,chinext,11.38,0.8738255306298851,0.0,0.2396514161220044,0.5033025099075297,1.1394434180614654,134,短线动量强，市场情绪强，板块情绪强，近5日触板记忆,,,,,,,9.0,0.0257940327237728,38.0,14.0,2.0,1.0,1.0
2026-07-14,603538.SH,DR美诺华,main,35.45,0.8729477576377475,0.0,0.2629141432133952,0.1397247942386832,1.2878488162693535,134,短线动量强，市场情绪强，板块情绪强，近5日触板记忆,,,,,,,10.0,0.0257940327237728,38.0,115.0,1.0,0.0,0.0
2026-07-15,301259.SZ,艾布鲁,chinext,25.89,0.8743463110903111,0.0,0.0148961191689533,-0.0285178236397747,1.6397197359080693,129,成交量放大，市场情绪强，板块情绪强，近5日触板记忆,,,,,,,1.0,0.0248267898383371,48.0,8.0,1.0,0.0,0.0
2026-07-15,603580.SH,艾艾精工,main,37.13,0.772695211975052,0.0,0.2323265847992035,0.4911646586345384,0.0214479973627822,129,短线动量强，市场情绪强，板块情绪强，近5日触板记忆,,,,,,,2.0,0.0248267898383371,48.0,112.0,5.0,1.0,6.0
2026-07-15,002636.SZ,金安国纪,main,94.79,0.7211879653268459,0.0,-0.0191432119205297,0.0115249172980473,1.457136011114433,129,市场情绪强，板块情绪强，近5日触板记忆,,,,,,,3.0,0.0248267898383371,48.0,112.0,2.0,1.0,0.0
2026-07-15,002350.SZ,北京科锐,main,14.6,0.7182515091689241,0.0,-0.0094979647218453,-0.0311877903118779,1.3738150480609876,129,市场情绪强，板块情绪强,,,,,,,4.0,0.0248267898383371,48.0,112.0,0.0,0.0,0.0
2026-07-15,300566.SZ,激智科技,chinext,29.96,0.7146231212372262,0.0,-0.0244220123738195,-0.0669573341638118,1.2044137252862586,129,市场情绪强，板块情绪强，近5日触板记忆,,,,,,,5.0,0.0248267898383371,48.0,8.0,1.0,0.0,0.0
2026-07-15,688192.SH,迪哲医药,star,67.6,0.6973772348407284,0.0,0.4456800684345594,0.4962372731297033,1.6266447086931757,129,成交量放大，短线动量强，市场情绪强，板块情绪强，近5日触板记忆,,,,,,,6.0,0.0248267898383371,48.0,9.0,2.0,0.0,2.0
2026-07-15,603137.SH,恒尚节能,main,35.61,0.6785276736368134,0.0,0.331214953271028,0.5543430816237451,1.0431947425366097,129,短线动量强，市场情绪强，板块情绪强，近5日触板记忆,,,,,,,7.0,0.0248267898383371,48.0,112.0,5.0,1.0,12.0
2026-07-15,603989.SH,艾华集团,main,34.96,0.6760537701439846,0.0,-0.0872062663185377,-0.1233701103309929,0.8730050554480062,129,市场情绪强，板块情绪强，近5日触板记忆,,,,,,,8.0,0.0248267898383371,48.0,112.0,2.0,1.0,0.0
2026-07-15,688610.SH,埃科光电,star,200.94,0.6395028494371988,0.0,-0.1112781954887217,0.0415716359112585,0.8913010784625489,129,市场情绪强，板块情绪强，近5日触板记忆,,,,,,,9.0,0.0248267898383371,48.0,9.0,1.0,0.0,0.0
2026-07-15,001270.SZ,铖昌科技,main,121.61,0.6314263349185226,0.0,-0.26873120865905,-0.1963919910130179,0.9900979200250488,129,市场情绪强，板块情绪强，近5日触板记忆，近期炸板偏多,,,,,,,10.0,0.0248267898383371,48.0,112.0,2.0,2.0,0.0
2026-07-16,603580.SH,艾艾精工,main,40.84,0.7173160246629914,0.0,0.3311603650586703,0.4910551296093466,0.0346147523659676,106,短线动量强，市场情绪强，板块情绪强，近5日触板记忆,,,,,,,1.0,0.0204042348411934,47.0,91.0,5.0,1.0,7.0
2026-07-16,600664.SH,哈药股份,main,4.94,0.5609570814356569,0.0,0.3315363881401618,0.6143790849673203,1.2903532813441425,106,短线动量强，市场情绪强，板块情绪强，近5日触板记忆,,,,,,,2.0,0.0204042348411934,47.0,91.0,5.0,0.0,5.0
2026-07-16,600246.SH,万通发展,main,19.48,0.5020002923523297,0.0,-0.0215971873430437,-0.0630110630110629,1.065817966802141,106,市场情绪强，板块情绪强，近5日触板记忆,,,,,,,3.0,0.0204042348411934,47.0,91.0,1.0,1.0,1.0
2026-07-16,600403.SH,大有能源,main,5.25,0.4491876313724064,0.0,0.129032258064516,0.1029411764705883,2.057764913459528,106,成交量放大，短线动量强，市场情绪强，板块情绪强，近5日触板记忆,,,,,,,4.0,0.0204042348411934,47.0,91.0,2.0,0.0,0.0
2026-07-16,600227.SH,赤天化,main,2.78,0.3614337530569989,0.0,0.1535269709543567,0.1440329218106995,1.5158872522500466,106,成交量放大，短线动量强，市场情绪强，板块情绪强，近5日触板记忆,,,,,,,5.0,0.0204042348411934,47.0,91.0,3.0,1.0,0.0
2026-07-16,600353.SH,旭光电子,main,33.44,0.3534151731912542,0.0,-0.1243781094527363,-0.1819960861056753,0.7442786656263218,106,市场情绪强，板块情绪强，近5日触板记忆,,,,,,,6.0,0.0204042348411934,47.0,91.0,1.0,1.0,0.0
2026-07-16,603989.SH,艾华集团,main,35.2,0.3507924551110183,0.0,0.0211778357992458,-0.1518072289156625,1.2960212917783651,106,市场情绪强，板块情绪强，近5日触板记忆,,,,,,,7.0,0.0204042348411934,47.0,91.0,2.0,1.0,1.0
2026-07-16,600667.SH,太极实业,main,18.73,0.3102779674710167,0.0,-0.1759788825340958,-0.2870194137799771,0.7874009032549755,106,市场情绪强，板块情绪强,,,,,,,8.0,0.0204042348411934,47.0,91.0,0.0,0.0,0.0
2026-07-16,000504.SZ,南华生物,main,9.36,0.3024495231230987,0.0,0.2046332046332046,0.1598513011152416,2.3680233372613326,106,成交量放大，短线动量强，市场情绪强，板块情绪强，近5日触板记忆,,,,,,,9.0,0.0204042348411934,47.0,91.0,2.0,0.0,2.0
2026-07-16,002739.SZ,儒意电影,main,10.32,0.3006623394106612,0.0,0.0990415335463259,0.0661157024793388,0.6504303237431956,106,短线动量强，市场情绪强，板块情绪强，近5日触板记忆,,,,,,,10.0,0.0204042348411934,47.0,91.0,2.0,0.0,2.0
2026-07-17,002829.SZ,星网宇达,main,20.72,0.9586281867102742,0.0,0.1236442516268978,0.0625641025641026,1.3522627564562757,64,短线动量强，市场情绪强，板块情绪强，近5日触板记忆,,,,,,,1.0,0.0123242826882341,28.0,59.0,3.0,1.0,2.0
2026-07-17,001369.SZ,双欣材料,main,12.95,0.8434525957809978,0.0,0.1049488054607508,0.0746887966804978,2.094859075145176,64,成交量放大，短线动量强，市场情绪强，板块情绪强，近5日触板记忆,,,,,,,2.0,0.0123242826882341,28.0,59.0,1.0,0.0,1.0
2026-07-17,000722.SZ,湖南发展,main,13.83,0.8156282527230887,0.0,0.2676443629697524,0.2572727272727273,2.0512892078384786,64,成交量放大，短线动量强，市场情绪强，板块情绪强，近5日触板记忆,,,,,,,3.0,0.0123242826882341,28.0,59.0,2.0,0.0,1.0
2026-07-17,600162.SH,香江控股,main,3.06,0.8062408643520486,0.0,0.3304347826086957,0.2697095435684646,1.9559430774478024,64,成交量放大，短线动量强，市场情绪强，板块情绪强，近5日触板记忆,,,,,,,4.0,0.0123242826882341,28.0,59.0,3.0,0.0,3.0
2026-07-17,603580.SH,艾艾精工,main,44.92,0.7902902278645959,0.0,0.3309629629629629,0.4908728841686027,0.093823942937485,64,短线动量强，市场情绪强，板块情绪强，近5日触板记忆,,,,,,,5.0,0.0123242826882341,28.0,59.0,5.0,1.0,8.0
2026-07-17,600227.SH,赤天化,main,3.06,0.7853029909657402,0.0,0.1547169811320754,0.1953125,1.4315897820712726,64,短线动量强，市场情绪强，板块情绪强，近5日触板记忆,,,,,,,6.0,0.0123242826882341,28.0,59.0,3.0,0.0,1.0
2026-07-17,603567.SH,珍宝岛,main,6.03,0.7197539563859653,0.0,0.2510373443983402,0.2615062761506275,1.8730441186594304,64,成交量放大，短线动量强，市场情绪强，板块情绪强，近5日触板记忆,,,,,,,7.0,0.0123242826882341,28.0,59.0,2.0,0.0,2.0
2026-07-17,001388.SZ,信通电子,main,24.74,0.701662225255501,0.0,0.1463787590936471,0.3916858862575236,2.009269677072663,64,成交量放大，短线动量强，市场情绪强，板块情绪强，近5日触板记忆,,,,,,,8.0,0.0123242826882341,28.0,59.0,4.0,0.0,1.0
2026-07-17,000676.SZ,智度股份,main,6.84,0.6801434471336338,0.0,0.3307392996108951,0.2833020637898686,2.8469844150547075,64,成交量放大，短线动量强，市场情绪强，板块情绪强，近5日触板记忆,,,,,,,9.0,0.0123242826882341,28.0,59.0,3.0,0.0,3.0
2026-07-17,603118.SH,共进股份,main,14.95,0.6455198614807671,0.0,0.0483870967741935,0.0528169014084507,1.2358437908010569,64,市场情绪强，板块情绪强，近5日触板记忆,,,,,,,10.0,0.0123242826882341,28.0,59.0,2.0,1.0,2.0
2026-07-20,002432.SZ,九安医疗,main,72.5,0.9523864648498208,0.0,0.0822510822510822,0.3096098265895954,1.9908288706285369,119,成交量放大，短线动量强，市场情绪强，板块情绪强，近5日触板记忆，近期炸板偏多,,,,,,,1.0,0.022902232486528,60.0,106.0,5.0,2.0,5.0
2026-07-20,603580.SH,艾艾精工,main,40.43,0.9500417587734612,0.0,0.0888769189334768,0.3177966101694915,4.741722664515866,119,成交量放大，短线动量强，市场情绪强，板块情绪强，近5日触板记忆,,,,,,,2.0,0.022902232486528,60.0,106.0,5.0,1.0,9.0
2026-07-20,603137.SH,恒尚节能,main,25.97,0.8460294909476913,0.0,-0.2707104745857905,-0.1175671083927965,1.847321880153692,119,成交量放大，市场情绪强，板块情绪强，近5日触板记忆,,,,,,,3.0,0.022902232486528,60.0,106.0,3.0,1.0,1.0
2026-07-20,301520.SZ,万邦医药,chinext,53.3,0.8393249394581357,0.0,-0.0933832284402109,-0.016967908520841,0.8781230285610995,119,市场情绪强，板块情绪强，近5日触板记忆,,,,,,,4.0,0.022902232486528,60.0,11.0,1.0,0.0,0.0
2026-07-20,603118.SH,共进股份,main,13.57,0.7645606910940818,0.0,0.0543900543900544,-0.083108108108108,1.5721486483822449,119,成交量放大，短线动量强，市场情绪强，板块情绪强，近5日触板记忆，近期炸板偏多,,,,,,,5.0,0.022902232486528,60.0,106.0,3.0,2.0,3.0
2026-07-20,603159.SH,上海亚虹,main,19.48,0.6644687418273593,0.0,0.0020576131687242,0.029598308668076,1.3012248934102293,119,市场情绪强，板块情绪强，近5日触板记忆,,,,,,,6.0,0.022902232486528,60.0,106.0,1.0,1.0,1.0
2026-07-20,000571.SZ,新大洲A,main,5.58,0.6147370995987114,0.0,-0.1428571428571428,-0.0637583892617449,1.460596011558087,119,市场情绪强，板块情绪强，近5日触板记忆,,,,,,,7.0,0.022902232486528,60.0,106.0,1.0,0.0,0.0
2026-07-20,600162.SH,香江控股,main,2.75,0.5283153439537772,0.0,0.0869565217391306,0.2387387387387385,1.3096417453366669,119,短线动量强，市场情绪强，板块情绪强，近5日触板记忆,,,,,,,8.0,0.022902232486528,60.0,106.0,3.0,0.0,0.0
2026-07-20,000722.SZ,湖南发展,main,15.21,0.5222467223359253,0.0,0.2675,0.4162011173184359,1.876265793946299,119,成交量放大，短线动量强，市场情绪强，板块情绪强，近5日触板记忆,,,,,,,9.0,0.022902232486528,60.0,106.0,3.0,0.0,2.0
2026-07-20,600881.SH,亚泰集团,main,1.89,0.494103593471639,0.0,0.125,0.1454545454545455,1.7687189807456607,119,成交量放大，短线动量强，市场情绪强，板块情绪强，近5日触板记忆,,,,,,,10.0,0.022902232486528,60.0,106.0,2.0,1.0,2.0
2026-07-21,002432.SZ,九安医疗,main,79.75,0.6215107840807231,0.0,0.1076388888888888,0.3095238095238095,1.1321800153149684,149,短线动量强，市场情绪强，板块情绪强，近5日触板记忆，近期炸板偏多,,,,,,,1.0,0.0286759045419553,21.0,100.0,5.0,2.0,6.0
2026-07-21,001258.SZ,立新能源,main,10.01,0.5718878851740427,0.0,0.3311170212765957,0.5282442748091603,2.14203751537764,149,成交量放大，短线动量强，市场情绪强，板块情绪强，近5日触板记忆,,,,,,,2.0,0.0286759045419553,21.0,100.0,4.0,0.0,4.0
2026-07-21,603950.SH,长源东谷,main,62.81,0.483124874292774,0.0,-0.0697571090047391,-0.0342865928659287,1.0485666021206628,149,市场情绪强，板块情绪强，近5日触板记忆,,,,,,,3.0,0.0286759045419553,21.0,100.0,2.0,1.0,1.0
2026-07-21,603118.SH,共进股份,main,14.93,0.4432086806245294,0.0,0.0986019131714495,0.0469845722300139,1.088242890428886,149,短线动量强，市场情绪强，板块情绪强，近5日触板记忆，近期炸板偏多,,,,,,,4.0,0.0286759045419553,21.0,100.0,4.0,2.0,4.0
2026-07-21,000892.SZ,欢瑞世纪,main,3.48,0.413491476653147,0.0,-0.1007751937984496,-0.1099744245524296,1.2502486189191355,149,市场情绪强，板块情绪强，近5日触板记忆,,,,,,,5.0,0.0286759045419553,21.0,100.0,1.0,0.0,0.0
2026-07-21,001211.SZ,双枪科技,main,18.18,0.4072409950077605,0.0,-0.09236145781328,-0.1309751434034417,1.6259898180659635,149,成交量放大，市场情绪强，板块情绪强，近5日触板记忆,,,,,,,6.0,0.0286759045419553,21.0,100.0,1.0,0.0,0.0
2026-07-21,002396.SZ,星网锐捷,main,31.61,0.4042979359650277,0.0,0.108733777621887,0.104472396925227,1.1517979728370935,149,短线动量强，市场情绪强，板块情绪强，近5日触板记忆,,,,,,,7.0,0.0286759045419553,21.0,100.0,2.0,1.0,1.0
2026-07-21,600746.SH,江苏索普,main,6.54,0.403867639131494,0.0,0.0686274509803921,0.1393728222996515,1.1476883293648883,149,短线动量强，市场情绪强，板块情绪强，近5日触板记忆,,,,,,,8.0,0.0286759045419553,21.0,100.0,2.0,0.0,0.0
2026-07-21,600744.SH,华银电力,main,7.22,0.4034655665794937,0.0,0.3321033210332103,0.3345656192236599,2.5436605059504203,149,成交量放大，短线动量强，市场情绪强，板块情绪强，近5日触板记忆,,,,,,,9.0,0.0286759045419553,21.0,100.0,3.0,0.0,3.0
2026-07-21,600227.SH,赤天化,main,3.03,0.3930266911233316,0.0,0.0899280575539569,0.1433962264150943,0.513447501989267,149,短线动量强，市场情绪强，板块情绪强，近5日触板记忆,,,,,,,10.0,0.0286759045419553,21.0,100.0,3.0,0.0,0.0
2026-07-22,003001.SZ,中岩大地,main,16.85,0.914113696825279,0.0,-0.1385480572597135,0.0089820359281438,1.1738497245256163,119,市场情绪强，板块情绪强，近5日触板记忆,,,,,,,1.0,0.0229508196721311,65.0,98.0,2.0,1.0,0.0
2026-07-22,688766.SH,普冉股份,star,435.0,0.9113421196133864,0.0,0.0163551401869159,-0.2474048442906574,1.2282378255338071,119,市场情绪强，板块情绪强，近5日触板记忆,,,,,,,2.0,0.0229508196721311,65.0,5.0,1.0,1.0,0.0
2026-07-22,688359.SH,三孚新科,star,112.82,0.8550983535809006,0.0,-0.1471121862715453,-0.3284523809523809,0.8303289270516687,119,市场情绪强，板块情绪强,,,,,,,3.0,0.0229508196721311,65.0,5.0,0.0,0.0,0.0
2026-07-22,600176.SH,中国巨石,main,38.7,0.8446516293909855,0.0,-0.1164383561643834,-0.2698113207547169,1.2277380505029158,119,市场情绪强，板块情绪强,,,,,,,4.0,0.0229508196721311,65.0,98.0,0.0,0.0,0.0
2026-07-22,688610.SH,埃科光电,star,154.13,0.8205963565844636,0.0,-0.090087962689651,-0.2329551109784015,0.871384102924923,119,市场情绪强，板块情绪强，近5日触板记忆,,,,,,,5.0,0.0229508196721311,65.0,5.0,1.0,0.0,0.0
2026-07-22,688001.SH,华兴源创,star,52.81,0.7816962403137354,0.0,-0.0285136129506989,-0.1616129544372122,0.9830622797302704,119,市场情绪强，板块情绪强，近5日触板记忆,,,,,,,6.0,0.0229508196721311,65.0,5.0,1.0,0.0,0.0
2026-07-22,603118.SH,共进股份,main,16.42,0.7565191118550199,0.0,0.0983277591973246,0.275835275835276,0.8566495260363809,119,短线动量强，市场情绪强，板块情绪强，近5日触板记忆，近期炸板偏多,,,,,,,7.0,0.0229508196721311,65.0,98.0,5.0,2.0,5.0
2026-07-22,688328.SH,深科达,star,81.86,0.7469772033507803,0.0,0.0686684073107051,-0.1696926665990465,1.3775282800515385,119,短线动量强，市场情绪强，板块情绪强，近5日触板记忆,,,,,,,8.0,0.0229508196721311,65.0,5.0,1.0,0.0,0.0
2026-07-22,688260.SH,昀冢科技,star,69.45,0.7423372430425054,0.0,-0.1471202259609481,-0.2756570713391739,1.0649542310655546,119,市场情绪强，板块情绪强,,,,,,,9.0,0.0229508196721311,65.0,5.0,0.0,0.0,0.0
2026-07-22,002068.SZ,黑猫股份,main,7.53,0.7257586373280221,0.0,-0.0738007380073801,-0.1752464403066813,1.251329987423889,119,市场情绪强，板块情绪强，近5日触板记忆,,,,,,,10.0,0.0229508196721311,65.0,98.0,1.0,0.0,0.0
2026-07-23,002566.SZ,益盛药业,main,6.4,0.9472127569651896,0.0,0.0339256865912762,-0.0433482810164425,1.4514174548128558,205,市场情绪强，板块情绪强，近5日触板记忆,,,,,,,1.0,0.039461020211742,47.0,178.0,1.0,0.0,1.0
2026-07-23,600396.SH,华电辽能,main,16.41,0.923113889940596,0.0,0.2800312012480499,0.3618257261410786,1.1812347753370085,205,短线动量强，市场情绪强，板块情绪强，近5日触板记忆,,,,,,,2.0,0.039461020211742,47.0,178.0,3.0,0.0,2.0
2026-07-23,002596.SZ,海南瑞泽,main,2.99,0.9136268110798944,0.0,0.099264705882353,0.049122807017544,1.5955230735148294,205,成交量放大，短线动量强，市场情绪强，板块情绪强，近5日触板记忆,,,,,,,3.0,0.039461020211742,47.0,178.0,1.0,0.0,1.0
2026-07-23,603331.SH,百达精工,main,10.91,0.9065042321818304,0.0,0.0823412698412697,-0.0027422303473491,1.182357068080045,205,短线动量强，市场情绪强，板块情绪强，近5日触板记忆,,,,,,,4.0,0.039461020211742,47.0,178.0,1.0,0.0,1.0
2026-07-23,600722.SH,金牛化工,main,10.9,0.8786359263210262,0.0,0.1620469083155649,0.4064516129032258,1.3283273546184038,205,短线动量强，市场情绪强，板块情绪强，近5日触板记忆,,,,,,,5.0,0.039461020211742,47.0,178.0,4.0,0.0,2.0
2026-07-23,002900.SZ,哈三联,main,12.1,0.8441234750617115,0.0,0.2051792828685259,-0.0008257638315442,1.4624471485487418,205,短线动量强，市场情绪强，板块情绪强，近5日触板记忆,,,,,,,6.0,0.039461020211742,47.0,178.0,2.0,0.0,2.0
2026-07-23,301369.SZ,联动科技,chinext,139.41,0.8405712788317519,0.0,0.0740369799691833,-0.2005390526436518,0.6110168344559774,205,短线动量强，市场情绪强，板块情绪强，近5日触板记忆,,,,,,,7.0,0.039461020211742,47.0,21.0,1.0,0.0,0.0
2026-07-23,605288.SH,凯迪股份,main,67.52,0.8380768868428805,0.0,0.2227453821079319,0.0277016742770166,1.1516624073118225,205,短线动量强，市场情绪强，板块情绪强，近5日触板记忆,,,,,,,8.0,0.039461020211742,47.0,178.0,2.0,0.0,1.0
2026-07-23,300795.SZ,米奥会展,chinext,12.84,0.8363692300168566,0.0,0.1577998196573489,0.4707903780068727,1.0608410724289403,205,短线动量强，市场情绪强，板块情绪强，近5日触板记忆,,,,,,,9.0,0.039461020211742,47.0,21.0,3.0,1.0,0.0
2026-07-23,688679.SH,通源环境,star,40.82,0.8269322736091306,0.0,0.4327834327834328,0.3762643290627108,1.3303366188886074,205,短线动量强，市场情绪强，板块情绪强，近5日触板记忆,,,,,,,10.0,0.039461020211742,47.0,6.0,1.0,0.0,1.0
2026-07-24,003001.SZ,中岩大地,main,20.39,0.712603461558101,0.0,0.0892094017094018,0.0424335378323108,1.2503898816512058,88,短线动量强，市场情绪强，板块情绪强，近5日触板记忆,,,,,,,1.0,0.0169393647738209,40.0,75.0,3.0,1.0,2.0
2026-07-24,002879.SZ,长缆科技,main,18.05,0.5335728791402256,0.0,0.3311209439528024,0.4302694136291602,1.1887358925402844,88,短线动量强，市场情绪强，板块情绪强，近5日触板记忆,,,,,,,2.0,0.0169393647738209,40.0,75.0,4.0,0.0,4.0
2026-07-24,000668.SZ,荣丰控股,main,17.67,0.5134553916913175,0.0,0.1756487025948105,0.007411630558723,1.1477398957532257,88,短线动量强，市场情绪强，板块情绪强，近5日触板记忆,,,,,,,3.0,0.0169393647738209,40.0,75.0,2.0,0.0,2.0
2026-07-24,603221.SH,爱丽家居,main,14.0,0.5012931056655846,0.0,0.3307984790874525,0.357904946653734,0.8611300204220558,88,短线动量强，市场情绪强，板块情绪强，近5日触板记忆,,,,,,,4.0,0.0169393647738209,40.0,75.0,4.0,0.0,4.0
2026-07-24,000595.SZ,新能股份,main,6.07,0.4565081365028343,0.0,0.331140350877193,0.2832980972515855,3.1472397862399686,88,成交量放大，短线动量强，市场情绪强，板块情绪强，近5日触板记忆,,,,,,,5.0,0.0169393647738209,40.0,75.0,3.0,0.0,3.0
2026-07-24,600984.SH,建设机械,main,4.0,0.4427102082790095,0.0,0.2618296529968453,0.2779552715654951,1.5458000500992974,88,成交量放大，短线动量强，市场情绪强，板块情绪强，近5日触板记忆,,,,,,,6.0,0.0169393647738209,40.0,75.0,3.0,1.0,2.0
2026-07-24,001229.SZ,魅视科技,main,39.18,0.4322059446654303,0.0,0.1392846757778423,0.0925822643614053,1.061073395928776,88,短线动量强，市场情绪强，板块情绪强，近5日触板记忆,,,,,,,7.0,0.0169393647738209,40.0,75.0,2.0,1.0,1.0
2026-07-24,002083.SZ,孚日股份,main,11.52,0.4173405384419565,0.0,0.1975051975051975,0.1228070175438595,1.6914074817893967,88,成交量放大，短线动量强，市场情绪强，板块情绪强，近5日触板记忆,,,,,,,8.0,0.0169393647738209,40.0,75.0,2.0,0.0,2.0
2026-07-24,603580.SH,艾艾精工,main,46.3,0.3765996661293488,0.0,0.272327562517175,0.0307212822796081,1.0800660474263308,88,短线动量强，市场情绪强，板块情绪强，近5日触板记忆,,,,,,,9.0,0.0169393647738209,40.0,75.0,3.0,1.0,1.0
2026-07-24,600698.SH,湖南天雁,main,6.84,0.3732026549757095,0.0,0.2084805653710246,0.1999999999999999,2.4997896354290523,88,成交量放大，短线动量强，市场情绪强，板块情绪强，近5日触板记忆,,,,,,,10.0,0.0169393647738209,40.0,75.0,2.0,0.0,2.0
2026-07-27,001258.SZ,立新能源,main,14.33,0.7380199730887826,0.0,0.3015440508628519,0.5747252747252749,0.6824061680862945,170,短线动量强，市场情绪强，板块情绪强，近5日触板记忆,,,,,,,1.0,0.0327616111004047,31.0,145.0,5.0,1.0,8.0
2026-07-27,603567.SH,珍宝岛,main,6.44,0.71014420802275,0.0,0.089678510998308,0.1200000000000001,0.9478973148099042,170,短线动量强，市场情绪强，板块情绪强，近5日触板记忆,,,,,,,2.0,0.0327616111004047,31.0,145.0,2.0,0.0,1.0
2026-07-27,002879.SZ,长缆科技,main,19.86,0.7015559451799745,0.0,0.3310991957104556,0.610705596107056,1.94965718739892,170,成交量放大，短线动量强，市场情绪强，板块情绪强，近5日触板记忆,,,,,,,3.0,0.0327616111004047,31.0,145.0,5.0,0.0,5.0
2026-07-27,002353.SZ,杰瑞股份,main,151.02,0.6737108674492172,0.0,0.2295041927867784,0.3158490894833146,1.138165845306302,170,短线动量强，市场情绪强，板块情绪强，近5日触板记忆,,,,,,,4.0,0.0327616111004047,31.0,145.0,3.0,1.0,1.0
2026-07-27,002080.SZ,中材科技,main,51.94,0.6583843565589833,0.0,0.0371405750798721,0.0330151153540174,0.9259416360756388,170,市场情绪强，板块情绪强，近5日触板记忆,,,,,,,5.0,0.0327616111004047,31.0,145.0,1.0,0.0,1.0
2026-07-27,300214.SZ,日科化学,chinext,14.23,0.6525263973747587,0.0,0.6643274853801169,0.6682297772567412,1.3552165468618695,170,短线动量强，市场情绪强，板块情绪强，近5日触板记忆,,,,,,,6.0,0.0327616111004047,31.0,18.0,3.0,1.0,3.0
2026-07-27,301234.SZ,五洲医疗,chinext,70.5,0.6458756788494416,0.0,0.7279411764705883,0.975896860986547,3.9648162627052383,170,成交量放大，短线动量强，市场情绪强，板块情绪强，近5日触板记忆,,,,,,,7.0,0.0327616111004047,31.0,18.0,4.0,0.0,4.0
2026-07-27,603228.SH,景旺电子,main,82.06,0.6405923278906045,0.0,0.0771856130217905,0.1428969359331477,0.990671050539556,170,短线动量强，市场情绪强，板块情绪强，近5日触板记忆,,,,,,,8.0,0.0327616111004047,31.0,145.0,1.0,0.0,1.0
2026-07-27,605006.SH,山东玻纤,main,13.98,0.6381601215527629,0.0,0.059090909090909,0.1347402597402598,1.0950057962895627,170,短线动量强，市场情绪强，板块情绪强，近5日触板记忆,,,,,,,9.0,0.0327616111004047,31.0,145.0,1.0,0.0,1.0
2026-07-27,600176.SH,中国巨石,main,41.07,0.6109426291086267,0.0,0.0612403100775194,0.0413286004056796,1.0285298180744735,170,短线动量强，市场情绪强，板块情绪强，近5日触板记忆,,,,,,,10.0,0.0327616111004047,31.0,145.0,1.0,0.0,1.0
2026-07-28,001258.SZ,立新能源,main,12.9,0.9732645342617084,0.0,0.0652353426919902,0.2887112887112888,1.48326350653919,130,短线动量强，市场情绪强，板块情绪强，近5日触板记忆,,,,,,,1.0,0.0250433442496628,55.0,103.0,4.0,1.0,0.0
2026-07-28,002083.SZ,孚日股份,main,10.8,0.7974363420202208,0.0,0.0315186246418337,0.1226611226611227,1.3141778466522231,130,市场情绪强，板块情绪强，近5日触板记忆,,,,,,,2.0,0.0250433442496628,55.0,103.0,3.0,1.0,0.0
2026-07-28,003001.SZ,中岩大地,main,17.66,0.7764135255027259,0.0,-0.0474649406688241,-0.0566239316239315,0.7450116951038251,130,市场情绪强，板块情绪强，近5日触板记忆,,,,,,,3.0,0.0250433442496628,55.0,103.0,2.0,0.0,0.0
2026-07-28,605376.SH,博迁新材,main,136.49,0.7757036792984051,0.0,-0.0677549347722149,-0.0773338741296558,0.8555759615662815,130,市场情绪强，板块情绪强，近5日触板记忆,,,,,,,4.0,0.0250433442496628,55.0,103.0,2.0,1.0,0.0
2026-07-28,600539.SH,狮头股份,main,16.0,0.7483775907042003,0.0,-0.0493166963755198,-0.0074441687344913,1.190832754292375,130,市场情绪强，板块情绪强，近5日触板记忆,,,,,,,5.0,0.0250433442496628,55.0,103.0,2.0,1.0,0.0
2026-07-28,603459.SH,红板科技,main,88.55,0.743858740092768,0.0,-0.0055031446540881,0.1499999999999999,1.0130849334329275,130,市场情绪强，板块情绪强，近5日触板记忆，近期炸板偏多,,,,,,,6.0,0.0250433442496628,55.0,103.0,3.0,2.0,0.0
2026-07-28,301122.SZ,采纳股份,chinext,32.79,0.7327688941162352,0.0,0.2858823529411765,0.2597003457548981,1.659247631328138,130,成交量放大，短线动量强，市场情绪强，板块情绪强,,,,,,,7.0,0.0250433442496628,55.0,21.0,0.0,0.0,0.0
2026-07-28,002636.SZ,金安国纪,main,57.32,0.6979952651199922,0.0,-0.0916006339144215,-0.2081779251277801,0.6209466386398199,130,市场情绪强，板块情绪强，近5日触板记忆,,,,,,,8.0,0.0250433442496628,55.0,103.0,1.0,0.0,0.0
2026-07-28,002353.SZ,杰瑞股份,main,135.92,0.6895745952051301,0.0,0.0059951150914068,0.0786445520196807,1.0137801220395075,130,市场情绪强，板块情绪强，近5日触板记忆,,,,,,,9.0,0.0250433442496628,55.0,103.0,2.0,0.0,0.0
2026-07-28,002713.SZ,东易日盛,main,8.83,0.6637308199502755,0.0,-0.0859213250517598,-0.0253863134657836,1.090959653995416,130,市场情绪强，板块情绪强，近5日触板记忆,,,,,,,10.0,0.0250433442496628,55.0,103.0,1.0,0.0,0.0
2026-07-29,603580.SH,艾艾精工,main,57.97,0.9916169131709912,0.0,0.2520518358531318,0.4481638770921807,1.1305873162599036,134,短线动量强，市场情绪强，板块情绪强，近5日触板记忆,,,,,,,1.0,0.0258188824662813,36.0,114.0,3.0,0.0,2.0
2026-07-29,603400.SH,DR华之杰,main,47.14,0.9675481448504616,0.0,0.1814536340852131,0.3926144756277696,1.1902632429480535,134,短线动量强，市场情绪强，板块情绪强，近5日触板记忆,,,,,,,2.0,0.0258188824662813,36.0,114.0,3.0,0.0,2.0
2026-07-29,300530.SZ,领湃科技,chinext,20.38,0.9652930893456886,0.0,0.3641231593038823,0.4055172413793102,1.5259360352847753,134,成交量放大，短线动量强，市场情绪强，板块情绪强，近5日触板记忆,,,,,,,3.0,0.0258188824662813,36.0,17.0,1.0,0.0,1.0
2026-07-29,002083.SZ,孚日股份,main,11.88,0.96301495011541,0.0,0.03125,0.2478991596638657,0.9391719584621532,134,市场情绪强，板块情绪强，近5日触板记忆,,,,,,,4.0,0.0258188824662813,36.0,114.0,4.0,1.0,1.0
2026-07-29,002141.SZ,贤丰控股,main,6.3,0.9464206515003876,0.0,0.2092130518234165,0.2185686653771759,0.994899437885798,134,短线动量强，市场情绪强，板块情绪强，近5日触板记忆，近期炸板偏多,,,,,,,5.0,0.0258188824662813,36.0,114.0,4.0,2.0,3.0
2026-07-29,002498.SZ,汉缆股份,main,7.19,0.945129901951739,0.0,0.1061538461538462,0.3389199255121042,1.3005043527540097,134,短线动量强，市场情绪强，板块情绪强，近5日触板记忆,,,,,,,6.0,0.0258188824662813,36.0,114.0,3.0,0.0,1.0
2026-07-29,688260.SH,昀冢科技,star,88.51,0.9440409015496872,0.0,0.2257305082398562,0.274442044636429,1.314474768853275,134,短线动量强，市场情绪强，近5日触板记忆,,,,,,,7.0,0.0258188824662813,36.0,3.0,2.0,1.0,1.0
2026-07-29,002580.SZ,圣阳股份,main,18.61,0.9426032025934784,0.0,0.2131681877444589,0.2195281782437745,1.876712284147559,134,成交量放大，短线动量强，市场情绪强，板块情绪强，近5日触板记忆,,,,,,,8.0,0.0258188824662813,36.0,114.0,3.0,1.0,3.0
2026-07-29,603399.SH,永杉锂业,main,15.81,0.9366298420350894,0.0,0.1667896678966789,0.2678428227746592,1.1225701202091274,134,短线动量强，市场情绪强，板块情绪强，近5日触板记忆,,,,,,,9.0,0.0258188824662813,36.0,114.0,2.0,0.0,1.0
2026-07-29,300333.SZ,兆日科技,chinext,8.87,0.929196411571293,0.0,0.2930029154518949,0.2911208151382822,2.5030778272704777,134,成交量放大，短线动量强，市场情绪强，板块情绪强，近5日触板记忆,,,,,,,10.0,0.0258188824662813,36.0,17.0,1.0,0.0,1.0
2026-07-30,000428.SZ,华天酒店,main,3.83,0.7264462853822878,0.0,0.1467065868263473,0.2354838709677418,2.388298204383579,98,成交量放大，短线动量强，市场情绪强，板块情绪强，近5日触板记忆,,,,,,,1.0,0.0188715578663585,38.0,83.0,4.0,1.0,4.0
2026-07-30,603221.SH,爱丽家居,main,20.49,0.686770865695312,0.0,0.3305194805194804,0.6095836606441476,2.449378041385023,98,成交量放大，短线动量强，市场情绪强，板块情绪强，近5日触板记忆,,,,,,,2.0,0.0188715578663585,38.0,83.0,5.0,0.0,8.0
2026-07-30,001358.SZ,兴欣新材,main,24.28,0.6811083331410374,0.0,0.0887892376681613,0.1890303623898139,1.9349654630874271,98,成交量放大，短线动量强，市场情绪强，板块情绪强，近5日触板记忆,,,,,,,3.0,0.0188715578663585,38.0,83.0,3.0,0.0,0.0
2026-07-30,605068.SH,明新旭腾,main,20.59,0.5987725912239502,0.0,0.3309631544925662,0.4499999999999999,1.3719478459722634,98,短线动量强，市场情绪强，板块情绪强，近5日触板记忆,,,,,,,4.0,0.0188715578663585,38.0,83.0,4.0,0.0,4.0
2026-07-30,605179.SH,一鸣食品,main,17.61,0.5896609798644575,0.0,0.3310657596371882,0.276086956521739,0.4730057993959387,98,短线动量强，市场情绪强，板块情绪强，近5日触板记忆,,,,,,,5.0,0.0188715578663585,38.0,83.0,3.0,0.0,3.0
2026-07-30,603696.SH,安记食品,main,12.22,0.5781466251289954,0.0,0.1593927893738143,0.1528301886792453,2.5426314844731643,98,成交量放大，短线动量强，市场情绪强，板块情绪强，近5日触板记忆,,,,,,,6.0,0.0188715578663585,38.0,83.0,2.0,1.0,2.0
2026-07-30,002141.SZ,贤丰控股,main,5.67,0.5615781016316242,0.0,-0.0104712041884817,0.023465703971119,1.1956873380592623,98,市场情绪强，板块情绪强，近5日触板记忆,,,,,,,7.0,0.0188715578663585,38.0,83.0,3.0,1.0,0.0
2026-07-30,603567.SH,珍宝岛,main,6.07,0.493943090051565,0.0,-0.0574534161490682,-0.0661538461538461,0.8169259834817796,98,市场情绪强，板块情绪强，近5日触板记忆,,,,,,,8.0,0.0188715578663585,38.0,83.0,2.0,1.0,0.0
2026-07-30,002173.SZ,创新医疗,main,19.05,0.4883349033475155,0.0,-0.0792653455775737,0.0154584221748399,1.2591330044826576,98,市场情绪强，板块情绪强，近5日触板记忆,,,,,,,9.0,0.0188715578663585,38.0,83.0,2.0,0.0,0.0
2026-07-30,600693.SH,东百集团,main,9.19,0.4829002873861567,0.0,0.1736909323116218,0.1677255400254129,2.3351969737070912,98,成交量放大，短线动量强，市场情绪强，板块情绪强，近5日触板记忆,,,,,,,10.0,0.0188715578663585,38.0,83.0,2.0,0.0,0.0
2026-07-31,603221.SH,爱丽家居,main,22.54,0.9579479030705113,0.0,0.330578512396694,0.6099999999999999,3.879444515600681,283,成交量放大，短线动量强，市场情绪强，板块情绪强，近5日触板记忆,,,,,,,1.0,0.0544964375120354,160.0,220.0,5.0,0.0,9.0
2026-07-31,603696.SH,安记食品,main,13.44,0.8757715564227606,0.0,0.2285191956124315,0.298550724637681,2.2978171352001064,283,成交量放大，短线动量强，市场情绪强，板块情绪强，近5日触板记忆,,,,,,,2.0,0.0544964375120354,160.0,220.0,3.0,1.0,3.0
2026-07-31,688260.SH,昀冢科技,star,100.08,0.8011361716965775,0.0,0.3568329718004337,0.3859576235978397,1.2948867994765816,283,短线动量强，市场情绪强，板块情绪强，近5日触板记忆,,,,,,,3.0,0.0544964375120354,160.0,22.0,2.0,1.0,0.0
2026-07-31,688146.SH,中船特气,star,266.0,0.7491074334069245,0.0,-0.0355329949238578,0.082753286929621,1.0993591038033106,283,市场情绪强，板块情绪强,,,,,,,4.0,0.0544964375120354,160.0,22.0,0.0,0.0,0.0
2026-07-31,603580.SH,艾艾精工,main,52.9,0.7221654065749645,0.0,0.0037950664136621,0.1425485961123109,0.9327669809433768,283,市场情绪强，板块情绪强，近5日触板记忆,,,,,,,5.0,0.0544964375120354,160.0,220.0,2.0,0.0,0.0
2026-07-31,000533.SZ,顺钠股份,main,10.41,0.6945297501702993,0.0,-0.0994809688581315,0.0900523560209423,0.9006779968233577,283,市场情绪强，板块情绪强，近5日触板记忆,,,,,,,6.0,0.0544964375120354,160.0,220.0,3.0,1.0,0.0
2026-07-31,000566.SZ,海南海药,main,5.86,0.6931832762081037,0.0,0.0051457975986277,0.2157676348547716,1.4759796105265963,283,市场情绪强，板块情绪强，近5日触板记忆,,,,,,,7.0,0.0544964375120354,160.0,220.0,3.0,0.0,0.0
2026-07-31,603556.SH,海兴电力,main,26.99,0.6905859603296973,0.0,0.2097714029583146,0.2059874888293118,1.756115826260609,283,成交量放大，短线动量强，市场情绪强，板块情绪强，近5日触板记忆,,,,,,,8.0,0.0544964375120354,160.0,220.0,2.0,0.0,0.0
2026-07-31,600475.SH,华光环能,main,16.0,0.681796776459278,0.0,0.2598425196850393,0.2830793905372895,2.062313364287696,283,成交量放大，短线动量强，市场情绪强，板块情绪强，近5日触板记忆,,,,,,,9.0,0.0544964375120354,160.0,220.0,1.0,0.0,0.0
2026-07-31,000428.SZ,华天酒店,main,4.21,0.6751899296044617,0.0,0.1471389645776566,0.3848684210526316,1.764578157462055,283,成交量放大，短线动量强，市场情绪强，板块情绪强，近5日触板记忆,,,,,,,10.0,0.0544964375120354,160.0,220.0,5.0,1.0,5.0
2026-08-03,300795.SZ,米奥会展,chinext,14.2,0.9741690098230672,0.0,-0.0014064697609001,0.0692771084337349,0.9852888514381596,142,市场情绪强，板块情绪强，近5日触板记忆,,,,,,,1.0,0.0273445022145195,32.0,19.0,1.0,0.0,0.0
2026-08-03,002141.SZ,贤丰控股,main,5.1,0.8763231847467331,0.0,-0.1904761904761904,-0.1099476439790577,0.7023560497827945,142,市场情绪强，板块情绪强，近5日触板记忆,,,,,,,2.0,0.0273445022145195,32.0,118.0,2.0,1.0,0.0
2026-08-03,605068.SH,明新旭腾,main,19.52,0.8205792323290753,0.0,0.0427350427350428,0.2617970265029088,0.6761827589747711,142,市场情绪强，板块情绪强，近5日触板记忆,,,,,,,3.0,0.0273445022145195,32.0,118.0,4.0,1.0,0.0
2026-08-03,300534.SZ,陇神戎发,chinext,12.67,0.8072481397969904,0.0,-0.0408781226343679,-0.055886736214605,0.8861850704183983,142,市场情绪强，板块情绪强,,,,,,,4.0,0.0273445022145195,32.0,19.0,0.0,0.0,0.0
2026-08-03,300789.SZ,唐源电气,chinext,18.4,0.8017370474477536,0.0,0.1117824773413895,0.0906935388263188,1.793976357202018,142,成交量放大，短线动量强，市场情绪强，板块情绪强，近5日触板记忆,,,,,,,5.0,0.0273445022145195,32.0,19.0,1.0,0.0,0.0
2026-08-03,688685.SH,迈信林,star,41.71,0.7909425024827144,0.0,0.008218515832729,0.0996572633799104,0.9691866644606508,142,市场情绪强，板块情绪强，近5日触板记忆,,,,,,,6.0,0.0273445022145195,32.0,5.0,1.0,1.0,0.0
2026-08-03,600228.SH,返利科技,main,7.12,0.7774257810946902,0.0,0.0690690690690689,0.2047377326565143,1.3352814698486606,142,短线动量强，市场情绪强，板块情绪强，近5日触板记忆,,,,,,,7.0,0.0273445022145195,32.0,118.0,3.0,1.0,0.0
2026-08-03,688766.SH,普冉股份,star,312.9,0.7698137468264208,0.0,-0.0756277695716396,-0.1583732314809833,0.8838726859323347,142,市场情绪强，板块情绪强，近5日触板记忆,,,,,,,8.0,0.0273445022145195,32.0,5.0,1.0,1.0,0.0
2026-08-03,600641.SH,先导基电,main,23.41,0.7407226983737608,0.0,-0.1502722323049001,-0.232961992136304,1.1250820003445672,142,市场情绪强，板块情绪强，近5日触板记忆,,,,,,,9.0,0.0273445022145195,32.0,118.0,1.0,1.0,0.0
2026-08-03,000428.SZ,华天酒店,main,3.99,0.7324284316360186,0.0,-0.0123762376237623,0.1946107784431139,1.5164280663734286,142,成交量放大，市场情绪强，板块情绪强，近5日触板记忆,,,,,,,10.0,0.0273445022145195,32.0,118.0,4.0,1.0,0.0
2026-08-04,603800.SH,洪田股份,main,52.47,0.7879501249265732,0.0,0.0148936170212765,-0.1585952533675433,1.0396044712661707,197,市场情绪强，板块情绪强，近5日触板记忆,,,,,,,1.0,0.0379429892141756,45.0,165.0,1.0,0.0,1.0
2026-08-04,001331.SZ,胜通能源,main,47.09,0.7545706881870317,0.0,0.2692722371967655,0.0963911525029104,1.5300001437649156,197,成交量放大，短线动量强，市场情绪强，板块情绪强，近5日触板记忆,,,,,,,2.0,0.0379429892141756,45.0,165.0,3.0,1.0,3.0
2026-08-04,003032.SZ,传智教育,main,10.66,0.671013281199348,0.0,0.3308364544319602,0.6102719033232629,1.2891739195227103,197,短线动量强，市场情绪强，板块情绪强，近5日触板记忆,,,,,,,3.0,0.0379429892141756,45.0,165.0,5.0,0.0,7.0
2026-08-04,000608.SZ,阳光股份,main,6.59,0.6434270694283276,0.0,0.1684397163120568,0.0611916264090177,1.5513405960366349,197,成交量放大，短线动量强，市场情绪强，板块情绪强，近5日触板记忆,,,,,,,4.0,0.0379429892141756,45.0,165.0,2.0,1.0,0.0
2026-08-04,002354.SZ,天娱数科,main,7.88,0.6416328520957706,0.0,0.3310810810810811,0.2648475120385232,2.133790403510589,197,成交量放大，短线动量强，市场情绪强，板块情绪强，近5日触板记忆,,,,,,,5.0,0.0379429892141756,45.0,165.0,3.0,0.0,3.0
2026-08-04,001223.SZ,欧克科技,main,39.46,0.6397774478376661,0.0,0.3201739712278353,0.2770226537216829,1.9380578847714365,197,成交量放大，短线动量强，市场情绪强，板块情绪强，近5日触板记忆,,,,,,,6.0,0.0379429892141756,45.0,165.0,3.0,1.0,3.0
2026-08-04,002827.SZ,高争民爆,main,41.87,0.6375566113473914,0.0,0.3313195548489664,0.6110042323970757,3.152911232541926,197,成交量放大，短线动量强，市场情绪强，板块情绪强，近5日触板记忆,,,,,,,7.0,0.0379429892141756,45.0,165.0,5.0,0.0,5.0
2026-08-04,000533.SZ,顺钠股份,main,12.6,0.6362580578278727,0.0,0.1538461538461537,0.0899653979238752,0.9120266516175612,197,短线动量强，市场情绪强，板块情绪强，近5日触板记忆,,,,,,,8.0,0.0379429892141756,45.0,165.0,3.0,1.0,2.0
2026-08-04,603580.SH,艾艾精工,main,53.79,0.6209385594172855,0.0,-0.0428825622775801,0.020683111954459,0.7285830967077062,197,市场情绪强，板块情绪强，近5日触板记忆,,,,,,,9.0,0.0379429892141756,45.0,165.0,2.0,0.0,1.0
2026-08-04,605068.SH,明新旭腾,main,21.47,0.604743955132336,0.0,0.0427391937833898,0.2614571092831961,1.6530508557268,197,成交量放大，市场情绪强，板块情绪强，近5日触板记忆,,,,,,,10.0,0.0379429892141756,45.0,165.0,4.0,1.0,1.0
